{"topic_diversity": 0.91, "word_embeddings": 0.18587373197078705, "inverted_rbo": 0.9959452687724724, "npmi": 0.10429542256140756, "llm_rating": 2.64}