{"topic_diversity": 0.7348, "word_embeddings": 0.3105834245681763, "inverted_rbo": 0.9796382218231006, "npmi": -0.018517048248235253, "llm_rating": 2.9840000000000004}