{"topic_diversity": 0.492, "word_embeddings": 0.19867461919784546, "inverted_rbo": 0.987737924445579, "npmi": 0.10218349526065365, "llm_rating": 2.79}