{"topic_diversity": 0.388, "word_embeddings": 0.28298184275627136, "inverted_rbo": 0.976244310283371, "npmi": -0.08705650684442973, "llm_rating": 2.98}