{"topic_diversity": 0.3785, "word_embeddings": 0.2796448767185211, "inverted_rbo": 0.976423979166815, "npmi": -0.08904069466498495, "llm_rating": 3.0}