{"topic_diversity": 0.4864, "word_embeddings": 0.3080482602119446, "inverted_rbo": 0.9724069624366276, "npmi": -0.03738113411676941, "llm_rating": 2.972}