{"topic_diversity": 0.384, "word_embeddings": 0.27750834822654724, "inverted_rbo": 0.974566686703482, "npmi": -0.0882016636385377, "llm_rating": 2.98}