{"topic_diversity": 0.3925, "word_embeddings": 0.28317147493362427, "inverted_rbo": 0.9759456237825059, "npmi": -0.09858346066326142, "llm_rating": 2.98}