{"topic_diversity": 0.5196, "word_embeddings": 0.2557166337966919, "inverted_rbo": 0.9836394604994858, "npmi": -0.06596728091037855, "llm_rating": 2.792}