{
    "rouge1": 0.18679243856819153,
    "rouge2": 0.031441806139422185,
    "rougeL": 0.14316711113993674,
    "rougeLsum": 0.1431837023726236
}