{
    "rouge1": 0.2406112285900865,
    "rouge2": 0.06853146300535048,
    "rougeL": 0.18897699233974727,
    "rougeLsum": 0.18914574292187414
}