{"topic_diversity": 0.91, "word_embeddings": 0.18175376951694489, "inverted_rbo": 0.9967249999288315, "npmi": 0.10444466713840653, "llm_rating": 2.84}