{"topic_diversity": 0.3915, "word_embeddings": 0.28023022413253784, "inverted_rbo": 0.9775554393044723, "npmi": -0.09437075913580423, "llm_rating": 3.0}