{"topic_diversity": 0.5055, "word_embeddings": 0.19975309073925018, "inverted_rbo": 0.9883581037611608, "npmi": 0.10839205301488047, "llm_rating": 2.77}