{"topic_diversity": 0.5624, "word_embeddings": 0.2942801952362061, "inverted_rbo": 0.9784296896903664, "npmi": -0.06531229448420968, "llm_rating": 2.972}