{"topic_diversity": 0.4395, "word_embeddings": 0.1994570940732956, "inverted_rbo": 0.9836129855931096, "npmi": 0.09983818356939861, "llm_rating": 2.78}