{"topic_diversity": 0.9067999999999999, "word_embeddings": 0.18706706762313843, "inverted_rbo": 0.9968030276554268, "npmi": 0.1058716725777457, "llm_rating": 2.784}