{"topic_diversity": 0.922, "word_embeddings": 0.187644362449646, "inverted_rbo": 0.9973738719387725, "npmi": 0.107614871621609, "llm_rating": 2.8}