{"topic_diversity": 0.914, "word_embeddings": 0.1785707324743271, "inverted_rbo": 0.997321052174098, "npmi": 0.09866435088026718, "llm_rating": 2.76}