{"topic_diversity": 0.5052000000000001, "word_embeddings": 0.2004212200641632, "inverted_rbo": 0.9884613115069479, "npmi": 0.10394762468815663, "llm_rating": 2.788}