{"topic_diversity": 0.5175, "word_embeddings": 0.19883422553539276, "inverted_rbo": 0.9893392917410583, "npmi": 0.09840090744115777, "llm_rating": 2.84}