{"topic_diversity": 0.89, "word_embeddings": 0.19939455389976501, "inverted_rbo": 0.9958858834499748, "npmi": 0.11053711222796224, "llm_rating": 2.8}