{"topic_diversity": 0.5412, "word_embeddings": 0.29545161724090574, "inverted_rbo": 0.9780069314944921, "npmi": -0.04640286188788251, "llm_rating": 2.9840000000000004}