{"topic_diversity": 0.796, "word_embeddings": 0.3120729327201843, "inverted_rbo": 0.98394463452318, "npmi": -0.04268414389795261, "llm_rating": 3.0}