{"topic_diversity": 0.576, "word_embeddings": 0.29391923546791077, "inverted_rbo": 0.9807280079302619, "npmi": -0.055290838571032605, "llm_rating": 2.96}