{"topic_diversity": 0.51, "word_embeddings": 0.2013840228319168, "inverted_rbo": 0.9886093622448403, "npmi": 0.1048701376570296, "llm_rating": 2.76}