{"topic_diversity": 0.888, "word_embeddings": 0.19465896487236023, "inverted_rbo": 0.9963344815174253, "npmi": 0.11716738153151292, "llm_rating": 2.8}