{"topic_diversity": 0.501, "word_embeddings": 0.20346014201641083, "inverted_rbo": 0.9882618753421012, "npmi": 0.10589153006706167, "llm_rating": 2.78}