{"topic_diversity": 0.5504, "word_embeddings": 0.2441909581422806, "inverted_rbo": 0.9852530191982888, "npmi": -0.043462081916917444, "llm_rating": 2.9359999999999995}