{"topic_diversity": 0.8956, "word_embeddings": 0.1891087144613266, "inverted_rbo": 0.9958009301836996, "npmi": 0.10467419069557171, "llm_rating": 2.752}