{"topic_diversity": 0.468, "word_embeddings": 0.20413070917129517, "inverted_rbo": 0.9858824051596535, "npmi": 0.11701124639806014, "llm_rating": 2.8}