{"topic_diversity": 0.444, "word_embeddings": 0.20486028492450714, "inverted_rbo": 0.9842916202092074, "npmi": 0.11607424332296783, "llm_rating": 2.78}