{"topic_diversity": 0.44699999999999995, "word_embeddings": 0.20328688025474548, "inverted_rbo": 0.9843563043652367, "npmi": 0.11042809225303081, "llm_rating": 2.7779999999999996}