{"topic_diversity": 0.772, "word_embeddings": 0.30974045395851135, "inverted_rbo": 0.9790137843891108, "npmi": -0.053737939062391035, "llm_rating": 3.0}