{"topic_diversity": 0.557, "word_embeddings": 0.293700635433197, "inverted_rbo": 0.979161999196578, "npmi": -0.06275545140205639, "llm_rating": 3.0}