{"topic_diversity": 0.7406, "word_embeddings": 0.19024055898189546, "inverted_rbo": 0.9933133340934412, "npmi": 0.09615728956216148, "llm_rating": 2.744}