{"topic_diversity": 0.575, "word_embeddings": 0.2921786606311798, "inverted_rbo": 0.9795751370529368, "npmi": -0.06873387999155785, "llm_rating": 2.96}