{"topic_diversity": 0.4952, "word_embeddings": 0.2928315162658691, "inverted_rbo": 0.9694450265760706, "npmi": -0.05649093094796788, "llm_rating": 2.956}