{"topic_diversity": 0.487, "word_embeddings": 0.2915342390537262, "inverted_rbo": 0.9690229474575416, "npmi": -0.0566547403866521, "llm_rating": 2.9560000000000004}