{"topic_diversity": 0.758, "word_embeddings": 0.31158533692359924, "inverted_rbo": 0.9802503006396672, "npmi": -0.050188282783781804, "llm_rating": 3.0}