{"topic_diversity": 0.4445, "word_embeddings": 0.20133504271507263, "inverted_rbo": 0.9847204122348008, "npmi": 0.10482993043176396, "llm_rating": 2.78}