{"topic_diversity": 0.549, "word_embeddings": 0.29719626903533936, "inverted_rbo": 0.9758814217733432, "npmi": -0.06775398924636608, "llm_rating": 2.96}