{"topic_diversity": 0.35869999999999996, "word_embeddings": 0.2767160713672638, "inverted_rbo": 0.9740249980458134, "npmi": -0.07161768319397402, "llm_rating": 2.928}