{"topic_diversity": 0.898, "word_embeddings": 0.18797191977500916, "inverted_rbo": 0.9967093307854572, "npmi": 0.1080973610204836, "llm_rating": 2.72}