{"topic_diversity": 0.555, "word_embeddings": 0.2944061756134033, "inverted_rbo": 0.9768018824987124, "npmi": -0.07202731321003547, "llm_rating": 2.98}