{"topic_diversity": 0.892, "word_embeddings": 0.1825653612613678, "inverted_rbo": 0.9949788195486309, "npmi": 0.0920761036398787, "llm_rating": 2.76}