{"topic_diversity": 0.776, "word_embeddings": 0.306257426738739, "inverted_rbo": 0.9798449757988814, "npmi": -0.0525114204792805, "llm_rating": 2.96}