{"topic_diversity": 0.89, "word_embeddings": 0.18769563734531403, "inverted_rbo": 0.9950916019929246, "npmi": 0.08751704568513817, "llm_rating": 2.72}