{"topic_diversity": 0.7164, "word_embeddings": 0.19094553887844085, "inverted_rbo": 0.9916035088435944, "npmi": 0.0986893041157956, "llm_rating": 2.812}