{"topic_diversity": 0.898, "word_embeddings": 0.1947498768568039, "inverted_rbo": 0.9966544790870453, "npmi": 0.12231500005992116, "llm_rating": 2.84}