{"topic_diversity": 0.439, "word_embeddings": 0.20665127038955688, "inverted_rbo": 0.9832740986294115, "npmi": 0.11438685754296347, "llm_rating": 2.75}