{"topic_diversity": 0.808, "word_embeddings": 0.31222349405288696, "inverted_rbo": 0.9858005262916875, "npmi": -0.0493974816341298, "llm_rating": 3.0}