{"topic_diversity": 0.782, "word_embeddings": 0.3103759288787842, "inverted_rbo": 0.9817708443285055, "npmi": -0.049703853571507146, "llm_rating": 2.992}