{"topic_diversity": 0.5238, "word_embeddings": 0.28983965516090393, "inverted_rbo": 0.9738767130270933, "npmi": -0.05079059090074476, "llm_rating": 2.944}