{"topic_diversity": 0.37500000000000006, "word_embeddings": 0.31135661005973814, "inverted_rbo": 0.9584327654344831, "npmi": -0.027249952551999513, "llm_rating": 2.9800000000000004}