{"topic_diversity": 0.5138, "word_embeddings": 0.228338360786438, "inverted_rbo": 0.9802636442872277, "npmi": -0.08400890864035457, "llm_rating": 2.9520000000000004}