{"topic_diversity": 0.38689999999999997, "word_embeddings": 0.2807073533535004, "inverted_rbo": 0.9761472078481293, "npmi": -0.0914506169894036, "llm_rating": 2.988}